Alpha,Beta,R-squared,p-value,Standard Error,Adjusted R-squared
0.0003958706715803069,0.7529270391135354,0.11401036932447428,0.0,0.014226750810353196,0.1139696641131045
