Alpha,Beta,R-squared,p-value,Standard Error,Adjusted R-squared
0.00025635323494981656,0.8181658682415944,0.11770299957651109,6.617345297149199e-216,0.025274460802031933,0.11759067659746292
