Alpha,Beta,R-squared,p-value,Standard Error,Adjusted R-squared
0.00044746094070416057,0.9069744322339771,0.1411572571750228,1.5407162333550776e-37,0.06813823560259433,0.14036055704253203
