Alpha,Beta,R-squared,p-value,Standard Error,Adjusted R-squared
0.00037614655165488264,0.7390532910231099,0.13168297146538166,0.0,0.016553366478015318,0.13161690960989358
