Alpha,Beta,R-squared,p-value,Standard Error,Adjusted R-squared
0.0003417895186131853,0.7272315304558901,0.1205776296646407,0.0,0.00995882142657545,0.12055501775549915
