Alpha,Beta,R-squared,p-value,Standard Error,Adjusted R-squared
8.824520950130616e-05,1.1269308944853154,0.1921954515886839,0.0,0.017949689617998442,0.19214669173183518
