Alpha,Beta,R-squared,p-value,Standard Error,Adjusted R-squared
7.736367371435408e-05,1.1031441489653306,0.15774323990213512,3.577956398410273e-247,0.031453035722691036,0.1576150034892091
