Alpha,Beta,R-squared,p-value,Standard Error,Adjusted R-squared
-0.00013153255391310442,1.3109601720654593,0.1882978902790281,5.607668950823859e-180,0.04345662095244357,0.18809098176265782
