Alpha,Beta,R-squared,p-value,Standard Error,Adjusted R-squared
-8.074827869811768e-05,1.0944333663072516,0.1558531209269054,0.0,0.024929360283837132,0.15577225620048796
