Alpha,Beta,R-squared,p-value,Standard Error,Adjusted R-squared
-0.0010540274681971992,1.1859836750711539,0.1462527547421485,2.99782472470904e-20,0.12353789682977363,0.14466586395170644
