Alpha,Beta,R-squared,p-value,Standard Error,Adjusted R-squared
0.0001444831422856256,1.2191012587997103,0.17289513427073966,5.778963511810118e-33,0.0971053167008937,0.17179817821539578
