Alpha,Beta,R-squared,p-value,Standard Error,Adjusted R-squared
0.0005336148932818668,1.094933137910627,0.1809348854779973,0.0,0.024284040489510522,0.18084588568287363
