Alpha,Beta,R-squared,p-value,Standard Error,Adjusted R-squared
0.0008459668132660844,0.905507664585586,0.11073624594871778,2.2033722837388077e-142,0.03460040507814274,0.11057456162979928
