Alpha,Beta,R-squared,p-value,Standard Error,Adjusted R-squared
0.0005922476150568848,0.9355010189764723,0.15819740934947324,0.0,0.012608626629934118,0.1581686720200549
