Alpha,Beta,R-squared,p-value,Standard Error,Adjusted R-squared
0.0004995933307737717,1.0347757161089859,0.16015021543044738,0.0,0.01900587676794829,0.16009618842597195
