Alpha,Beta,R-squared,p-value,Standard Error,Adjusted R-squared
0.00040264759303803395,0.8328077583714921,0.14264237811659597,1.091281044757787e-264,0.023044466335483335,0.14253316058514576
