Alpha,Beta,R-squared,p-value,Standard Error,Adjusted R-squared
0.0003020817369161389,0.9391715211756764,0.2218670141527297,0.0,0.01231824384677785,0.22182884605610698
