Alpha,Beta,R-squared,p-value,Standard Error,Adjusted R-squared
0.0002717996123890887,0.8131177570375743,0.2540979458935879,0.0,0.007332400597123255,0.25407728321445255
