Alpha,Beta,R-squared,p-value,Standard Error,Adjusted R-squared
0.0004086727123726868,0.9798027824872199,0.23509787044121133,0.0,0.01564926877298881,0.23503789693254273
