Alpha,Beta,R-squared,p-value,Standard Error,Adjusted R-squared
-0.00017060912578066567,1.035990312412901,0.1764878274706857,2.0251556546463008e-47,0.0681591156391517,0.17572390152214268
