Alpha,Beta,R-squared,p-value,Standard Error,Adjusted R-squared
0.0007184183178170819,1.2070265424488071,0.2646716164106405,5.087483638043103e-74,0.06127656614455811,0.2639894936058266
