Alpha,Beta,R-squared,p-value,Standard Error,Adjusted R-squared
0.00017981877540317233,1.3907561764512877,0.38219722285029445,0.0,0.019952012741408252,0.38211856194156646
