Alpha,Beta,R-squared,p-value,Standard Error,Adjusted R-squared
0.00024744264310313006,1.3738392724175588,0.3729526362244633,0.0,0.008748405371576526,0.37293751316622403
