Alpha,Beta,R-squared,p-value,Standard Error,Adjusted R-squared
0.00025845578212342065,1.3347203516468578,0.447721970388423,0.0,0.01293007927414666,0.4476799528876917
