Alpha,Beta,R-squared,p-value,Standard Error,Adjusted R-squared
0.00019920963371317845,1.301174546029823,0.40931002683228224,0.0,0.010489953357970852,0.40928342396914186
