Alpha,Beta,R-squared,p-value,Standard Error,Adjusted R-squared
0.0002774313897500292,0.7195680775420319,0.11588241998239446,0.0,0.018273668877509287,0.11580768476852998
