Alpha,Beta,R-squared,p-value,Standard Error,Adjusted R-squared
0.0002680337572013321,0.7609289456928303,0.08934324396442028,0.0,0.017258558698252817,0.08929728369612333
