Alpha,Beta,R-squared,p-value,Standard Error,Adjusted R-squared
3.57958375697748e-05,0.956260381121144,0.06916322855171597,7.697481667051133e-17,0.11263916758057596,0.06820360301414041
