Alpha,Beta,R-squared,p-value,Standard Error,Adjusted R-squared
-9.53727322825455e-05,0.8316242435804038,0.11257511481190274,1.324929158989442e-185,0.027771078933794477,0.11244957726979088
