Alpha,Beta,R-squared,p-value,Standard Error,Adjusted R-squared
0.0004330689988637942,0.7188431415942429,0.08897349065900118,0.0,0.012798764996436932,0.08894528550391312
