Alpha,Beta,R-squared,p-value,Standard Error,Adjusted R-squared
0.0003635972335010188,1.145953364141345,0.2970718510072745,0.0,0.011831361844220137,0.29704018472432137
