Alpha,Beta,R-squared,p-value,Standard Error,Adjusted R-squared
0.0003899438154485886,1.1114980120913964,0.325367697388698,0.0,0.013963375293065362,0.3253163476929596
