Alpha,Beta,R-squared,p-value,Standard Error,Adjusted R-squared
0.000533102745778877,1.3044167106790008,0.20788425418158618,1.486553579490402e-56,0.07755155292644174,0.20714945293314602
