Alpha,Beta,R-squared,p-value,Standard Error,Adjusted R-squared
0.00032068980599544246,1.1508808115624478,0.26339919391838607,0.0,0.021723613071061517,0.2633053474658339
