Alpha,Beta,R-squared,p-value,Standard Error,Adjusted R-squared
0.0005505228597583777,1.0887298770171463,0.2677000169235073,0.0,0.009007986237369224,0.2676816910981049
