Alpha,Beta,R-squared,p-value,Standard Error,Adjusted R-squared
7.966383918216629e-05,1.099544720753145,0.2991620059269837,0.0,0.015475019323024522,0.2991027484657448
