Alpha,Beta,R-squared,p-value,Standard Error,Adjusted R-squared
0.0004222891894409518,0.999457537900197,0.23458920708944153,0.0,0.009303251590120432,0.23456888123255148
