Alpha,Beta,R-squared,p-value,Standard Error,Adjusted R-squared
0.00014804754742181694,1.0745196029871726,0.26537800928806,0.0,0.012647515764851335,0.26534124326079844
