Alpha,Beta,R-squared,p-value,Standard Error,Adjusted R-squared
-0.0011557284547006877,1.1130286066208097,0.12034448018846033,7.188677344792173e-29,0.09661925574986843,0.11943761882782988
