Alpha,Beta,R-squared,p-value,Standard Error,Adjusted R-squared
-0.0002218651769050625,1.1893011820253363,0.25698068193666734,0.0,0.024054337166945036,0.25687555752833924
