Alpha,Beta,R-squared,p-value,Standard Error,Adjusted R-squared
-0.0001264992008175562,0.9894378386200613,0.12857228076686267,4.551058724546545e-237,0.0290641369550186,0.12846134152825883
