Alpha,Beta,R-squared,p-value,Standard Error,Adjusted R-squared
0.000293483982213202,0.8593615212058588,0.14621478520508824,0.0,0.013936026517719696,0.146176333339893
