Alpha,Beta,R-squared,p-value,Standard Error,Adjusted R-squared
0.00023517260901411227,0.8503941511272474,0.15637585993740377,0.0,0.01722844707310719,0.156311676725287
