Alpha,Beta,R-squared,p-value,Standard Error,Adjusted R-squared
0.00038632987802324247,1.139180505982864,0.10483247298297793,9.388320128026573e-28,0.1014352577718637,0.10400130536272079
