Alpha,Beta,R-squared,p-value,Standard Error,Adjusted R-squared
0.00044304260638267047,0.8009924439555293,0.1696740626634411,0.0,0.008886093562071613,0.16965318026473541
