Alpha,Beta,R-squared,p-value,Standard Error,Adjusted R-squared
0.0006342251312749686,0.8441369782352663,0.2337143420343306,0.0,0.009541023328053195,0.23368448481017445
