Alpha,Beta,R-squared,p-value,Standard Error,Adjusted R-squared
0.00024086352331113058,0.8947521592624916,0.20957123763328578,6.308788255830409e-283,0.023443581285993463,0.20942736636237813
