Alpha,Beta,R-squared,p-value,Standard Error,Adjusted R-squared
0.00044097313902316526,0.8406991135562364,0.2182740157194203,0.0,0.012763074694082142,0.21822370836474614
