Alpha,Beta,R-squared,p-value,Standard Error,Adjusted R-squared
0.0006763566192111148,0.9173995393287391,0.11356479861912694,1.7658315074520254e-21,0.09346547703475962,0.11238602840452472
