Alpha,Beta,R-squared,p-value,Standard Error,Adjusted R-squared
0.0003958627447640392,0.8232629408453851,0.24325681738926952,0.0,0.015141092798662315,0.2431745358645756
