Alpha,Beta,R-squared,p-value,Standard Error,Adjusted R-squared
0.0007947923730078425,1.3126024052277576,0.23237263921385476,0.0,0.03219513137396485,0.23223284184346948
