Alpha,Beta,R-squared,p-value,Standard Error,Adjusted R-squared
0.0010853355573303696,1.0744753705588697,0.11913741701061253,1.71712453968214e-22,0.10661209746887758,0.11796449745936155
