Alpha,Beta,R-squared,p-value,Standard Error,Adjusted R-squared
0.0002535988827096112,1.4252914754413835,0.259454346108685,0.0,0.019320015968467382,0.2594066735418066
