Alpha,Beta,R-squared,p-value,Standard Error,Adjusted R-squared
0.00040793619332503596,1.4739354910838451,0.2749333519144659,0.0,0.024965985818603122,0.2748544717308187
