Alpha,Beta,R-squared,p-value,Standard Error,Adjusted R-squared
0.0002701675527433682,1.2438291431392945,0.2654087746729855,0.0,0.012462568972124156,0.26538213008737344
